{"cameraMode":{"drawMode":0,"name":"Shaded","section":"Shading Mode"},"sceneLighting":false,"audioPlay":false,"sceneViewState":{"m_AlwaysRefresh":false,"showFog":true,"showSkybox":false,"showFlares":true,"showImageEffects":true,"showParticleSystems":true,"showVisualEffectGraphs":true,"m_FxEnabled":true},"in2DMode":false,"pivot":{"x":4.757586479187012,"y":8.473899841308594,"z":17.957725524902345},"rotation":{"x":-0.0009593265131115913,"y":0.9910370111465454,"z":0.007125942036509514,"w":0.13339845836162568},"size":0.8660253882408142,"orthographic":false}